{
  "image_size": {
    "width": 1280,
    "height": 800
  },
  "camera_matrix": {
    "fx": 888.283881549893,
    "fy": 887.1260335035593,
    "cx": 700.0372267583526,
    "cy": 354.0663755245685
  },
  "distortion_coefficients": {
    "k1": 0.04501137116318025,
    "k2": -0.0598622757795805,
    "p1": 0.0014989262256773174,
    "p2": 0.005590073050223745,
    "k3": 0.0003300471875891884
  },
  "raw_camera_matrix": [
    [
      888.283881549893,
      0.0,
      700.0372267583526
    ],
    [
      0.0,
      887.1260335035593,
      354.0663755245685
    ],
    [
      0.0,
      0.0,
      1.0
    ]
  ],
  "raw_dist_coeffs": [
    [
      0.04501137116318025,
      -0.0598622757795805,
      0.0014989262256773174,
      0.005590073050223745,
      0.0003300471875891884
    ]
  ]
}