{
  "x_mean": [
    0.14448532462120056,
    0.0043497332371771336,
    -0.05915360525250435
  ],
  "x_std": [
    0.814389169216156,
    0.5341849327087402,
    3.4593753814697266
  ]
}